arts-and-humanities/history
arts-and-humanities/music-and-art
arts-and-humanities/philosophy
business/leadership-and-management
business/finance
business/marketing
business/entrepreneurship
business/business-essentials
business/business-strategy
computer-science/software-development
computer-science/mobile-and-web-development
computer-science/algorithms
computer-science/computer-security-and-networks
computer-science/design-and-product
data-science/data-analysis
data-science/machine-learning
data-science/probability-and-statistics
information-technology/cloud-computing
information-technology/security
information-technology/data-management
information-technology/networking
information-technology/support-and-operations
life-sciences/animal-health
life-sciences/basic-science
life-sciences/health-informatics
life-sciences/healthcare-management
life-sciences/nutrition
life-sciences/patient-care
life-sciences/public-health
life-sciences/research
life-sciences/psychology
math-and-logic/math-and-logic
personal-development/personal-development
physical-science-and-engineering/electrical-engineering
physical-science-and-engineering/mechanical-engineering
physical-science-and-engineering/chemistry
physical-science-and-engineering/environmental-science-and-sustainability
physical-science-and-engineering/physics-and-astronomy
physical-science-and-engineering/research-methods
social-sciences/economics
social-sciences/education
social-sciences/governance-and-society
social-sciences/law
language-learning/learning-english
language-learning/other-languages
